Tissue,AAA(K),AAC(N),AAG(K),AAT(N),ACA(T),ACC(T),ACG(T),ACT(T),AGA(R),AGC(S),AGG(R),AGT(S),ATA(I),ATC(I),ATT(I),CAA(Q),CAC(H),CAG(Q),CAT(H),CCA(P),CCC(P),CCG(P),CCT(P),CGA(R),CGC(R),CGG(R),CGT(R),CTA(L),CTC(L),CTG(L),CTT(L),GAA(E),GAC(D),GAG(E),GAT(D),GCA(A),GCC(A),GCG(A),GCT(A),GGA(G),GGC(G),GGG(G),GGT(G),GTA(V),GTC(V),GTG(V),GTT(V),TAA(Stop),TAC(Y),TAG(Stop),TAT(Y),TCA(S),TCC(S),TCG(S),TCT(S),TGA(Stop),TGC(C),TGT(C),TTA(L),TTC(F),TTG(L),TTT(F)
Adipose,0.3318540917253694,0.6198834878874453,0.6681459082746305,0.38011651211255476,0.20336491168836404,0.42129405019766136,0.15368466131618844,0.22165637679778621,0.18558467688748767,0.2297445810498673,0.26037239275907154,0.14382904064352742,0.15550610975306714,0.6403311146820276,0.2041627755649054,0.2093256950208033,0.560705876387944,0.7906743049791969,0.439294123612056,0.23038795403527157,0.33777430374480033,0.12320881126717999,0.308628930952748,0.08204736861450254,0.20656355540746596,0.19839445372905437,0.06703755260241788,0.04260455067436191,0.23385666228698002,0.49521605750789366,0.12807248653537562,0.3497841674522808,0.6074439575361006,0.6502158325477193,0.3925560424638994,0.16125351762096254,0.4502475487694579,0.1251694597635702,0.2633294738460092,0.22098967913145737,0.31660531191859476,0.2501929772783314,0.21221203167161648,0.08303013639530019,0.30718843508680066,0.4886604817411892,0.12112094677670998,0.3055555555555556,0.653155507346684,0.16666666666666666,0.3468444926533162,0.1377919454406671,0.3070537536553588,0.07680012808943086,0.10478055112114838,0.5277777777777778,0.5686854496112695,0.4313145503887304,0.02817015559536565,0.6443307256701494,0.07208008740002317,0.35566927432985046
Adrenal Gland,0.29689945486504077,0.6790156095660522,0.7031005451349593,0.32098439043394805,0.19345366294673239,0.48924566229374644,0.14392467491875027,0.17337599984077082,0.1388916532137063,0.2911208110410676,0.23057079705396172,0.13097834375924272,0.11996930413147003,0.600019257269943,0.280011438598587,0.21616380354651468,0.7047996899487702,0.783836196453485,0.2952003100512297,0.22238772009837543,0.4150029455366685,0.15520335200340993,0.20740598236154628,0.07568932447730498,0.2505120908220599,0.21961484114197177,0.0847212932909951,0.05772395050726201,0.22839260464504793,0.5010568093956244,0.07681805504965221,0.2778537045712731,0.6509446036234118,0.722146295428727,0.34905539637658783,0.16686237717735256,0.4870940466359747,0.11870865455537062,0.22733492163130206,0.19280362132823667,0.38191156075107646,0.28027651434333517,0.14500830357735164,0.06418838366126484,0.2921170890163189,0.5320176382524721,0.11167688906994434,0.23076923076923078,0.6782588171408752,0.3269230769230769,0.32174118285912495,0.08794845422083035,0.2732100771149289,0.06596370263762553,0.15077861122630482,0.4423076923076923,0.663039336824587,0.33696066317541284,0.03302302797028639,0.6753177879447526,0.10298555243212727,0.32468221205524733
Bone Marrow,0.3727588646155518,0.6360070518239902,0.6272411353844487,0.36399294817600963,0.22173043980018184,0.424794650516377,0.14458797622231265,0.20888693346112805,0.19807135967399736,0.23373430983821353,0.24652790285289572,0.14055969454015255,0.14973115934653344,0.5576945108125703,0.29257432984089615,0.2153678133460148,0.6751765241835075,0.7846321866539852,0.3248234758164921,0.2654594151372957,0.35267141458691204,0.12549140839674372,0.25637776187904787,0.09320168295768731,0.21829939218837843,0.1613025338209495,0.08259712850609131,0.04866215116264755,0.22715549685202993,0.4377682960632138,0.12624070990261246,0.34072695531127495,0.6113353649014646,0.659273044688725,0.3886646350985356,0.2176240187279267,0.4205339923983444,0.09395352358614967,0.26788846528757915,0.232296783560226,0.3536388131164662,0.26967395397830585,0.14439044934500164,0.09322107484702573,0.25364216664299777,0.5047195997685124,0.14841715874146397,0.3050847457627119,0.6611030606426287,0.1694915254237288,0.33889693935737164,0.13479035516151885,0.24222150778310308,0.06872203908756327,0.17997209358944852,0.5254237288135594,0.5743102699076881,0.4256897300923119,0.04650991059245803,0.6269761260531482,0.11366343542703791,0.3730238739468519
Cerebral Cortex,0.36301958633707665,0.6126523493548253,0.6369804136629238,0.38734765064517424,0.23858993132086462,0.41665956972701396,0.15129965860639336,0.19345084034572918,0.18890460867237263,0.26848549853117576,0.2031755053156578,0.12499553394726304,0.1302637291828009,0.576057164690757,0.2936791061264425,0.2508925831326834,0.648316307346917,0.7491074168673166,0.3516836926530838,0.24565483525354906,0.36971514573483677,0.13839432963010945,0.24623568938150567,0.10685987364265481,0.22284776155724956,0.2111841970282874,0.06702805378377952,0.06299810071340461,0.22473179440971242,0.43644720014388844,0.10772222228204632,0.3692008788328152,0.6080549693036191,0.6307991211671853,0.3919450306963803,0.2084691341927446,0.43006827121509494,0.12298676489698794,0.23847582969517245,0.23466273226701853,0.37752001890332476,0.2591230966795882,0.12869415215006927,0.09007986773501547,0.2670361623869953,0.5000730904661901,0.14281087941179946,0.29544487015751386,0.631426373621443,0.21881651766709234,0.3685736263785565,0.12080154249159815,0.2542517389107937,0.0780228996026075,0.1534427865165633,0.48573861217539377,0.6098375753029831,0.39016242469701734,0.05796702066013434,0.6092151874607701,0.1101336617908142,0.39078481253922953
Duodenum,0.28764438212448484,0.7019347847919276,0.7123556178755153,0.29806521520807233,0.14348409331413603,0.4793048306636228,0.15308541147769944,0.22412566454454172,0.17765755607900882,0.2113648860553,0.32818463777115825,0.14202951612530354,0.1247282896157856,0.6079937245086255,0.2672779858755888,0.2342650665958937,0.6359307359307359,0.7657349334041064,0.3640692640692641,0.2009895023122625,0.3703792856197525,0.11789461645840123,0.3107365956095837,0.0518319147629848,0.17644534575790247,0.20238996178142524,0.06349058384752045,0.04902478099495856,0.1976530219036181,0.5383958107603908,0.07559720791513433,0.45181979896360513,0.6923859718154968,0.5481802010363948,0.30761402818450334,0.19576104142736983,0.3895896128188015,0.10395202296342869,0.3106973227903998,0.23297144953632393,0.3432404293398534,0.2765263314907198,0.1472617896331028,0.16044465929777801,0.21924480504963398,0.47629753992933066,0.14401299572325732,0.11111111111111109,0.6150831175024724,0.15873015873015875,0.3849168824975277,0.1454407622346394,0.29065351486546004,0.04064275780262524,0.16986856291667177,0.7301587301587302,0.6073066263542453,0.3926933736457545,0.05345262861391894,0.6932134003562576,0.08587654981197909,0.3067865996437425
Endometrium,0.37222222222222223,0.5,0.6277777777777778,0.5,0.10714285714285714,0.5535714285714286,0.125,0.21428571428571427,0.33,0.15263157894736842,0.24666666666666665,0.10263157894736842,0.13333333333333333,0.8,0.06666666666666667,0.26666666666666666,0.4764705882352941,0.7333333333333334,0.5235294117647059,0.2733918128654971,0.34941520467836257,0.07894736842105263,0.2982456140350877,0.04,0.08,0.2633333333333333,0.04,0.06818181818181818,0.21090909090909093,0.43636363636363634,0.08545454545454546,0.40347490347490345,0.5555555555555556,0.5965250965250966,0.4444444444444444,0.3035714285714286,0.2857142857142857,0.09523809523809523,0.31547619047619047,0.28421052631578947,0.29894736842105263,0.2578947368421053,0.15894736842105261,0.05555555555555555,0.2936507936507936,0.34523809523809523,0.3055555555555556,0.5,0.2222222222222222,0.0,0.7777777777777778,0.17894736842105263,0.3315789473684211,0.05263157894736842,0.18157894736842106,0.5,0.125,0.875,0.06818181818181818,0.6547619047619048,0.13090909090909092,0.34523809523809523
Esophagus,0.34441616594511926,0.7013013173727797,0.6555838340548805,0.29869868262722027,0.2437451216912947,0.4186232095456139,0.12988732558384974,0.2077443431792416,0.24063336391193998,0.22613707719134096,0.24746245281206217,0.13396626035985879,0.1562859087306145,0.6144783271716984,0.22923576409768717,0.2466465193271291,0.6519546813749116,0.7533534806728711,0.3480453186250885,0.24120006774399794,0.3961436707100538,0.07046519140673783,0.29219107013921053,0.11179156360869649,0.16164191260421856,0.1647201245597902,0.07375058250329276,0.0834265600074183,0.19985624650973685,0.4114608114551352,0.10383666448122893,0.3219005205827155,0.6276068298354953,0.6780994794172841,0.37239317016450457,0.2020026129806527,0.484637339344588,0.0750858626816719,0.23827418499308725,0.28173775852190563,0.34216565165096163,0.2122423483123384,0.16385424151479405,0.06471084103929808,0.31830971366812405,0.47193675920292294,0.14504268608965495,0.34375,0.6169122553071855,0.140625,0.3830877446928143,0.16944548460742404,0.22957200269894842,0.060121857467981064,0.18075731767444675,0.515625,0.5658815067645602,0.4341184932354399,0.06456823805739996,0.6624571032077069,0.13685147948908055,0.3375428967922929
Fallopian Tube,0.3926994017761117,0.5869538305913459,0.6073005982238883,0.4130461694086542,0.2612434902822631,0.3692819750390738,0.14415977928843887,0.22531475539022405,0.21530254953029654,0.24647211044898867,0.2667404754503739,0.1299422619511917,0.1688557217861899,0.4652908679783204,0.3658534102354894,0.30392378365463263,0.6588253170182538,0.6960762163453673,0.34117468298174614,0.3081637645221028,0.33081194224963884,0.09009308994773434,0.2709312032805237,0.07915317303294965,0.2033379571224629,0.17202380553016977,0.06344203933374705,0.06377508559270882,0.21744008346651042,0.39354869322454494,0.13814113103324904,0.3990254369857928,0.6066476198984331,0.600974563014207,0.39335238010156653,0.2098413448508619,0.40220360034945335,0.11428978243746865,0.2736652723622159,0.2749406258693954,0.3120866692234819,0.27377123121644864,0.13920147369067395,0.10395558197295646,0.2333003328708706,0.48257941686714356,0.18016466828902905,0.22784810126582278,0.5668139443763663,0.20253164556962025,0.43318605562363355,0.14966137954564127,0.22438679447416038,0.0646806834745606,0.18485677010545742,0.569620253164557,0.5838957532743586,0.4161042467256414,0.06334480690983643,0.5984834776218172,0.1237501997731503,0.40151652237818275
Gall Bladder,0.38737566801783596,0.5863590192742496,0.612624331982164,0.41364098072575045,0.17261091331918818,0.4474933796918368,0.10095034115020089,0.27894536583877394,0.2781422180963554,0.22988040696624232,0.21360374751171465,0.17178103191800934,0.16828592018284214,0.5407533769022673,0.29096070291489046,0.25983412970216485,0.6191588680926915,0.7401658702978352,0.3808411319073084,0.23937564814647508,0.3447149692657684,0.15041285593060338,0.265496526657153,0.09988548394246154,0.14441356706168162,0.17734951032597482,0.08660547306181199,0.04968157841189225,0.1803485252800374,0.41964207275321486,0.17569928450731645,0.4182499282342232,0.5635780023476308,0.5817500717657768,0.4364219976523692,0.22324468132241798,0.3944989293013426,0.07761326538188228,0.30464312399435706,0.27258013491285527,0.3220138664473749,0.2492496130836426,0.1561563855561272,0.11966490878887136,0.2257965529431759,0.46235350863923075,0.192185029628722,0.36363636363636365,0.5641604849051658,0.2727272727272727,0.4358395150948342,0.14307154437365488,0.21815767544834938,0.0561001543906696,0.18100918690307444,0.36363636363636365,0.4808594218968613,0.519140578103139,0.06777129642311958,0.5283658117301864,0.10685724262441937,0.4716341882698136
Heart,0.31246587759517425,0.6397797342746284,0.6875341224048258,0.36022026572537147,0.23869994430964347,0.4604614408623155,0.08956624183002346,0.21127237299801757,0.14375561456101527,0.2687340770747838,0.22286381551494783,0.11934748955404997,0.11994651789578485,0.6136407113879688,0.26641277071624625,0.21634345897288537,0.6394636862094311,0.7836565410271147,0.3605363137905689,0.25224022983615696,0.3968626688165631,0.07460603976995606,0.276291061577324,0.082497517142115,0.22878722499110832,0.21539365586014547,0.10670217193066807,0.06387796204724012,0.20023515648765602,0.4923985176018525,0.08373922630957947,0.3542949740908934,0.6136374519849542,0.6457050259091067,0.38636254801504594,0.2392875509717286,0.3832955803874238,0.0752746809435266,0.302142187697321,0.19548761121776012,0.33972103670667675,0.3278874229072022,0.1369039291683609,0.0674292288096617,0.26361528187760297,0.5113066110363206,0.15764887827641463,0.21212121212121213,0.6446726483124096,0.18181818181818182,0.35532735168759055,0.10743756447645396,0.27941314366015535,0.059259510525842676,0.16580821470871418,0.6060606060606061,0.6606432288250469,0.33935677117495294,0.03973248835299976,0.6126308619224133,0.12001664920067208,0.38736913807758666
Kidney,0.376085274544049,0.6091597976593661,0.623914725455951,0.39084020234063394,0.28675107171969877,0.40761390317965457,0.11375315354213918,0.19188187155850733,0.20977121877277727,0.2567988938311961,0.21869757906195877,0.1103024237685531,0.14481412413333225,0.5901725081744847,0.2650133676921828,0.23851781230224697,0.6476402554062203,0.7614821876977528,0.35235974459377967,0.27594642787231183,0.37988710690788885,0.10625839652307431,0.2379080686967248,0.11434732097069954,0.18859151474872804,0.20682216063235995,0.06177020581347632,0.06569612062411799,0.23459662165287862,0.4342812319116412,0.11181959889752004,0.36299788577055125,0.6041986126363885,0.6370021142294487,0.3958013873636112,0.21609720920528172,0.44387905059624017,0.0795979115082683,0.26042582869020975,0.23458579441479663,0.36348863106995744,0.2916084642663162,0.11031711024892969,0.1091825779357052,0.2898839900880934,0.47484030463452126,0.12609312734168,0.24074074074074073,0.6406265470062975,0.28703703703703703,0.3593734529937025,0.12868235441770556,0.2573977406525162,0.0732235661060647,0.17359502122396442,0.4722222222222222,0.6272162532266916,0.37278374677330844,0.04632258836579592,0.6241524380973117,0.10728383854804606,0.3758475619026882
Liver,0.39514280615944963,0.5357316823693283,0.6048571938405503,0.4642683176306718,0.28295866156807326,0.3852754820581251,0.1007075253959565,0.23105833097784506,0.26732148664139227,0.2455994943841655,0.23923262418663635,0.1423990130463992,0.16985508404164876,0.5032024551330114,0.3269424608253401,0.32874305524687736,0.5634107487968693,0.6712569447531231,0.4365892512031308,0.2892438803617432,0.31522006154021137,0.07852492577037645,0.3170111323276689,0.11089128343585554,0.15435761527084368,0.1573433000408404,0.0708536904244319,0.0758491989790025,0.20245812859118864,0.39094011653508315,0.12795571835938688,0.43572844186025483,0.5323344490862042,0.5642715581397455,0.4676655509137958,0.25897463046496944,0.3799299838202782,0.0719753172036212,0.2891200685111308,0.3072840121734771,0.310431216387141,0.23994933719962203,0.14233543423976006,0.11490873625552214,0.24913333792447928,0.44547647164216253,0.19048145417783596,0.2547307132459971,0.5821820777299653,0.23726346433770015,0.41781792227003445,0.1521650637292537,0.22969354731207264,0.05380056937831693,0.17634231214979196,0.5080058224163028,0.531963330580366,0.4680366694196338,0.07131950386614011,0.5433659346255789,0.13147733366919861,0.45663406537442114
Lung,0.2778644050089549,0.6349741550791336,0.722135594991045,0.36502584492086654,0.28751257268574226,0.383419506969998,0.10354232811111953,0.22552559223314025,0.1933194962144726,0.3329735462007284,0.24808016748064848,0.11571389572099729,0.10592575343654458,0.5807295516972723,0.31334469486618316,0.259762116508957,0.6837106475832652,0.740237883491043,0.31628935241673467,0.20867248215217998,0.36596019815922093,0.12068520574730861,0.3046821139412906,0.09126175992030931,0.19414546472970776,0.19511194832512865,0.07808116332973326,0.05479604314623184,0.25640369084876335,0.4611543369450941,0.1127141262725465,0.28427641924851943,0.5451349189307766,0.7157235807514807,0.45486508106922335,0.25008878822351926,0.4270123826888778,0.08772788442653415,0.23517094466106864,0.2659841234762144,0.3330203279249302,0.29059074513605615,0.1104048034627991,0.11784331886613357,0.31911457472122634,0.4442666488293087,0.11877545758333144,0.16279069767441862,0.6406976706899535,0.2558139534883721,0.3593023293100465,0.11106708324452276,0.22980245809735722,0.04216226553351732,0.1682807512028772,0.5813953488372093,0.5974633046336564,0.4025366953663436,0.025067765305097203,0.7200252414937195,0.08986403748226679,0.2799747585062804
Lymph Node,0.0,1.0,1.0,0.0,0.0,0.8181818181818182,0.0,0.18181818181818185,0.16666666666666666,0.4375,0.1111111111111111,0.0,0.0,1.0,0.0,0.09090909090909093,1.0,0.9090909090909092,0.0,0.10526315789473684,0.8947368421052632,0.0,0.0,0.1111111111111111,0.5555555555555556,0.0,0.05555555555555555,0.0,0.3333333333333333,0.3333333333333333,0.0,0.3333333333333333,1.0,0.6666666666666666,0.0,0.0,1.0,0.0,0.0,0.0,1.0,0.0,0.0,0.1,0.3,0.6,0.0,0.0,0.5,0.0,0.5,0.0,0.375,0.0,0.1875,1.0,0.7971014492753623,0.2028985507246377,0.0,0.5,0.3333333333333333,0.5
Ovary,0.29364631831475335,0.7116383781644328,0.7063536816852467,0.28836162183556724,0.17083986503891938,0.4845950580640928,0.13089235947614453,0.21367271742084332,0.19567760670701845,0.2709871744661785,0.17967498188086423,0.0842989159707821,0.1197094354989092,0.5981105981105981,0.28217996639049264,0.20129359213807374,0.7956793206793209,0.7987064078619264,0.20432067932067932,0.2468457446446034,0.42494969029578755,0.12435915871315273,0.20384540634645631,0.0706219842249254,0.24907061892356006,0.25032887863770215,0.05462592962592961,0.057634238440405675,0.23763683086220594,0.5111144912614122,0.066587353303126,0.25204842933740645,0.6393620992920188,0.7479515706625934,0.3606379007079813,0.18645923365767525,0.4819791952444946,0.13270433746873098,0.19885723362909907,0.2562926908035604,0.4206190166516253,0.23537012705490962,0.08771816548990463,0.07184624632029962,0.3658837188991467,0.44195834553478314,0.12031168924577058,0.3076923076923077,0.4919955887567224,0.3076923076923077,0.5080044112432776,0.10732003628317824,0.25793526932352157,0.09248585662821347,0.18697274732812613,0.38461538461538464,0.7073733098303809,0.2926266901696191,0.03135389200962972,0.7397818367258095,0.09567319412322049,0.2602181632741904
Pancreas,0.29634257229260746,0.6272262769671416,0.7036574277073925,0.37277372303285855,0.2009212221817073,0.46835763949965586,0.1235410378938917,0.20718010042474524,0.15728479589480449,0.23659894630715503,0.22710306681296694,0.11673736869113012,0.11148400663789573,0.5771478111597246,0.31136818220237983,0.2334956969620491,0.6523645288951412,0.7665043030379509,0.3476354711048589,0.24387578633474383,0.3786457511514227,0.08809000772938129,0.28938845478445224,0.09135110737064421,0.2581938185401668,0.19128213132366403,0.07478508005775363,0.044960284196317514,0.23915856322723772,0.4740359477674202,0.11885956708240948,0.3100324857161506,0.6841912291745332,0.6899675142838495,0.3158087708254666,0.1983693375009692,0.4453944417578131,0.08906842918840403,0.2671677915528136,0.2283646496118409,0.3788266824948119,0.2521914074883114,0.14061726040503586,0.06558376785822169,0.27008960856023134,0.51901166569582,0.1453149578857271,0.32653061224489793,0.6847286030161814,0.2857142857142857,0.31527139698381884,0.0932928376782104,0.3208372523168123,0.05680969668962127,0.17572389831707083,0.3877551020408163,0.6132871981683921,0.38671280183160806,0.03394953429306093,0.6308394737450443,0.08903610343355416,0.36916052625495566
Placenta,0.3557050430185713,0.5659767314097016,0.6442949569814285,0.43402326859029794,0.2468540963416009,0.4163633764167412,0.11864578267311607,0.21813674456854149,0.2076983062936865,0.2451373988111859,0.25374029962484224,0.12792477829243104,0.14331482651517366,0.5730062713129958,0.28367890217183056,0.2931568760540484,0.6458707555231135,0.7068431239459513,0.35412924447688604,0.2581418503890955,0.3764453373498308,0.11462546313979756,0.250787349121276,0.09786499531303212,0.19633482776933311,0.15356055667219629,0.09080101432690985,0.0781479712197171,0.24821331500718857,0.40676542791157594,0.10745031121934359,0.39606011966949667,0.5960145162642803,0.6039398803305036,0.40398548373571946,0.2667329542867758,0.39193909765798673,0.08437843524336228,0.25694951281187545,0.24563755871391865,0.3235636363720727,0.2633413629319516,0.16745744198205703,0.11564885182935715,0.29951933100889944,0.43973970056078965,0.14509211660095342,0.189873417721519,0.5817054324505387,0.27848101265822783,0.41829456754946115,0.1490974016632687,0.24923501729683514,0.0571727238082984,0.17143268012798069,0.5316455696202531,0.5599327786689879,0.4400672213310122,0.06354087659968076,0.633277626396067,0.0958820980424939,0.3667223736039331
Prostate gland,0.3182956193099231,0.5499937221080395,0.6817043806900771,0.45000627789196046,0.22928008175580408,0.4208217080479608,0.11256792665875584,0.23733028353747918,0.21089570586071416,0.2665844344889437,0.24556720517536362,0.11585440587560568,0.15770014669244148,0.5712366371577338,0.27106321614982487,0.2855501102543481,0.6350670755877468,0.714449889745652,0.3649329244122532,0.2816391896537167,0.29336222294542647,0.12725546912883479,0.297743118272022,0.08238481080219347,0.18743436926770596,0.22239869463669865,0.05131921425732397,0.07083439587572521,0.23175209256092674,0.4089580599200305,0.1199821431867089,0.33566279352125267,0.6388140955903715,0.6643372064787472,0.3611859044096286,0.2327367814197759,0.4057902512029569,0.08963764628153592,0.2718353210957312,0.23402086145670944,0.3769646694184578,0.21726701215254304,0.17174745697228952,0.08580704834387066,0.2375451127954136,0.5021734545806572,0.17447438428005832,0.3584905660377358,0.607274914483375,0.1320754716981132,0.39272508551662527,0.13962795394694338,0.24690603623622406,0.056704142122263,0.1743230273300202,0.5094339622641509,0.6044980385131934,0.39550196148680666,0.05888734930992959,0.6476083637153935,0.10958595914667887,0.3523916362846064
Rectum,0.2845238095238095,0.5776515151515151,0.7154761904761905,0.4223484848484848,0.1911374431195403,0.44695225916453535,0.0992404867085174,0.26266981100740694,0.3129713423831071,0.20224889403044224,0.25845274007038715,0.06433208007969407,0.13375852444591102,0.59702159984601,0.269219875708079,0.34978389665889664,0.4975694444444444,0.6502161033411034,0.5024305555555556,0.3050347222222222,0.3464488636363636,0.040625,0.3078914141414142,0.04006410256410256,0.1451734539969834,0.16507981397687282,0.07825854700854701,0.06432937360069613,0.2116559051966566,0.35676788599641196,0.11478335024483335,0.27860362676539147,0.5580357142857143,0.7213963732346086,0.4419642857142857,0.20897525676937442,0.45389822595704943,0.09027777777777779,0.24684873949579828,0.3076007326007326,0.3036897130647131,0.28725389194139195,0.10145566239316238,0.10315119695791203,0.31650570391495986,0.4624330222106991,0.117910076916429,0.375,0.46308170995670994,0.25,0.5369182900432901,0.13050869243870306,0.33976917906530846,0.016243224932249323,0.24689792945360287,0.375,0.4481421356421356,0.5518578643578644,0.101033345494412,0.5607543105254775,0.15143013946698994,0.4392456894745224
Salivary Gland,0.4270646604655658,0.5070444023994646,0.5729353395344343,0.4929555976005355,0.2824095518637192,0.37738837489023913,0.08902431124556323,0.2511777620004786,0.30300867513263907,0.2316257845120631,0.21801675950781274,0.12053064560193526,0.17683675245998573,0.4746485193463253,0.34851472819368906,0.37647785149486773,0.5112911243346026,0.6235221485051323,0.4887088756653974,0.31611299295600087,0.290324142246131,0.07837567980041568,0.3151871849974526,0.11061020768850124,0.16565736510939297,0.1237008233563616,0.07900616920529234,0.08872738119340305,0.1752000960342974,0.3875092243957228,0.1457343870039433,0.49094736193521343,0.5372895284222515,0.5090526380647865,0.4627104715777485,0.22262375256734995,0.3871005772219374,0.06730031530998452,0.32297535490072815,0.29797215228121915,0.31672425433728024,0.21085836748098638,0.1744452259005142,0.10443665738026633,0.28833861848971915,0.36882929186295976,0.23839543226705462,0.3695652173913043,0.5149193182230939,0.15217391304347827,0.4850806817769061,0.1898536042752406,0.21982739010432698,0.045768378457822965,0.1923941970486112,0.4782608695652174,0.5718724512202773,0.4281275487797226,0.07653240628105633,0.587843241586871,0.12629650509157705,0.4121567584131291
Skeletal Muscle,0.3329968497344335,0.6866920929180906,0.6670031502655666,0.3133079070819097,0.2435665562606956,0.41182662322962704,0.12808384061557232,0.21652297989410496,0.17706508466549808,0.27969533238368927,0.19795158504879848,0.11695380798262336,0.10595174963459124,0.6187889715899402,0.27525927877546896,0.19098021697298218,0.7034381001598226,0.8090197830270178,0.29656189984017756,0.24142896222938903,0.3480387447461684,0.1372623752091002,0.27326991781534177,0.08828194995886895,0.2547800252233801,0.1963697199331099,0.08555163517034448,0.05587707107710292,0.21825460294879237,0.506506739696236,0.09799774192449094,0.3306104918166187,0.6133840281591897,0.6693895081833812,0.3866159718408108,0.21463344268953707,0.456185883987266,0.09775055823515665,0.23143011508804,0.2089496193693658,0.3678175288575803,0.2626436365526569,0.16058921522039715,0.06274767875499274,0.25283599311436716,0.5320980724186293,0.15231825571201085,0.2251655629139073,0.618902373879129,0.2582781456953642,0.3810976261208711,0.10297653852259164,0.26094446033135715,0.06911924215275188,0.17031061862698654,0.5165562913907285,0.6378943778982107,0.362105622101789,0.03733558405050305,0.6190568213752531,0.08402826030287448,0.3809431786247471
Small Intestine,0.4043809043168497,0.41593747553049876,0.5956190956831503,0.5840625244695012,0.27228672467376647,0.40416814390812683,0.1181746708345174,0.20537046058358932,0.33728821831763006,0.3044751179733955,0.15979458450046685,0.15879725707473907,0.12431260060439392,0.5699324991118304,0.3057549002837756,0.33345543345543344,0.7011999011999012,0.6665445665445665,0.2988000988000988,0.22070290104345833,0.374400871459695,0.10087719298245612,0.30401903451439055,0.08849828820417056,0.22538430523724642,0.14384786237727415,0.04518674136321195,0.0705840403125016,0.18905605347665913,0.3973241689215541,0.19864073041802394,0.4337683338937329,0.39638340431023356,0.5662316661062671,0.6036165956897664,0.2187177392119053,0.4129239250035407,0.060760241563261465,0.3075980942212926,0.28514746491786125,0.3817025749816025,0.19923956942401205,0.13391039067652413,0.09151505720133173,0.2603170632066401,0.4171974300973269,0.23097044949470133,0.5555555555555556,0.48545680898622084,0.2222222222222222,0.5145431910137792,0.11079100883882176,0.1633393629217828,0.03958836321295868,0.2230088899783022,0.2222222222222222,0.6386083052749719,0.361391694725028,0.039127113682929975,0.6841132993962185,0.10526789318833123,0.31588670060378155
Spleen,0.3254459245918873,0.6168791139206828,0.6745540754081127,0.38312088607931727,0.26831421693042773,0.3966843893236261,0.09468931027216602,0.24031208347378002,0.15178437099289763,0.2768404480345502,0.23908386778760565,0.13388372890176828,0.08081726053479019,0.6330793190496374,0.2861034204155725,0.2078287805401779,0.6625616523773207,0.792171219459822,0.3374383476226794,0.23950620201036135,0.4085220701786081,0.09966753647805937,0.25230419133297116,0.12064795092297521,0.18794224170757798,0.21589411362561212,0.0846474549633314,0.05942825788894653,0.21312897652694468,0.44831818338622764,0.11256189922277263,0.3307616312518274,0.5488913078580021,0.6692383687481727,0.45110869214199795,0.23066187573417155,0.41593076956218955,0.1058494875706252,0.24755786713301364,0.21212921009366198,0.4029270868710045,0.27777458922500803,0.10716911381032558,0.106941047685064,0.265377856516055,0.49049588554909623,0.13718521024978483,0.23809523809523808,0.5321492503322265,0.23809523809523808,0.4678507496677735,0.11256862271439119,0.2853992251860001,0.04177733002956439,0.14953064513372577,0.5238095238095238,0.6037898899569549,0.3962101100430451,0.03653094078396492,0.5842551970179912,0.13003174219114375,0.4157448029820086
Stomach,0.2915071212568245,0.6711756372439353,0.7084928787431755,0.3288243627560649,0.21825545013460954,0.42560352523980055,0.11395321612665839,0.2421878084989315,0.28356747094562,0.30746980352091585,0.21870275944722004,0.08407663688755368,0.12677506551720769,0.6208503252773919,0.2523746092054003,0.21526154371769096,0.6272067481683928,0.784738456282309,0.3727932518316071,0.2866667878867685,0.3965843617086016,0.0831355890835689,0.23361326132106072,0.0765461037102078,0.20053915007220013,0.13248799900067287,0.0881565168240791,0.06469069454584024,0.21273665204829192,0.45229759066559383,0.11363654806608335,0.3826747573101078,0.5697974327996048,0.6173252426898923,0.43020256720039524,0.2254740742995633,0.456784056071816,0.07142512623784618,0.2463167433907745,0.25826479209529707,0.3536319746753728,0.24502982930953934,0.14307340391979087,0.07233656925015851,0.3217880394685849,0.4034536536227136,0.2024217376585429,0.2564102564102564,0.6602493743903299,0.2564102564102564,0.3397506256096699,0.1514360085709896,0.25730614392629586,0.04568102311011429,0.1540303839841308,0.48717948717948717,0.7192660514089086,0.2807339485910914,0.03696310526093161,0.5765324565535855,0.11967540941325921,0.4234675434464144
Testis,0.4364383327981955,0.5227693223869061,0.5635616672018047,0.47723067761309396,0.28833065205530795,0.34398371839037867,0.10080126253180605,0.2668843670225058,0.29803995352910645,0.2167949243056362,0.2524343795680735,0.15319849653399922,0.20781285496433363,0.45913659073269547,0.3330505543029696,0.3421320449178318,0.5367439930964573,0.6578679550821664,0.46325600690354307,0.30140779766413517,0.301940426657262,0.096158626839294,0.300493148839308,0.09210547939931474,0.14010690816399357,0.13879312739514987,0.07852015194436222,0.08915966445477826,0.17659492669691187,0.3494375030492485,0.14573765667068,0.4543200319493346,0.5171620256771484,0.5456799680506651,0.4828379743228517,0.26942754489449877,0.36396867477584016,0.08128637763487848,0.2853174026947819,0.2917347314017258,0.2971769064082343,0.23366605968241003,0.17742230250763005,0.13641943637006304,0.23746224218704393,0.4204451959921905,0.2056731254507029,0.3476679503637141,0.5274303898017796,0.22667950363714157,0.47256961019822036,0.1665922997527628,0.21201129833088142,0.051089750854638474,0.20031323022208256,0.42565254599914426,0.510448673609329,0.489551326390671,0.09516338389342481,0.5270129446075656,0.14390686523495722,0.4729870553924345
Thyroid Gland,0.3593184740551524,0.6237312205191956,0.6406815259448475,0.37626877948080445,0.2837089225867309,0.37087064152821814,0.13103154184619833,0.21438889403885256,0.18939154553061457,0.3025678148131179,0.2253479528126383,0.1390493799052946,0.1515542132935148,0.5723929080000489,0.2760528787064361,0.2558803354616478,0.6470901155045143,0.7441196645383521,0.35290988449548577,0.24154155171396816,0.3699884946620426,0.1110473631458682,0.27742259047812134,0.11148455941040486,0.24756813815980816,0.16640571132606777,0.05980209276046628,0.050231943865830915,0.21045958197819264,0.46921327150286524,0.11092527702816293,0.35872658216392106,0.6511670596890405,0.641273417836079,0.34883294031095946,0.1975350107800968,0.45598022455056886,0.10830619749367072,0.23817856717566366,0.26913679991966566,0.37339927422650104,0.2394357652469639,0.11802816060686937,0.09151220331410478,0.2653283594262118,0.5027305662502565,0.1404288710094271,0.23484848484848486,0.6571021209738187,0.1590909090909091,0.3428978790261815,0.11106180076681307,0.23211577516072934,0.0685222037258401,0.14668302562820493,0.6060606060606061,0.6429792468043196,0.35702075319568044,0.04828930369358317,0.6388044148531221,0.11088062193136508,0.36119558514687794
Tonsil,0.2703490456687388,0.6551068370822624,0.7296509543312613,0.34489316291773753,0.20365396325597573,0.3976081606064213,0.13942831906582298,0.25930955707178,0.16314828949770624,0.3024516103695323,0.34570909840130415,0.14083505816638175,0.17194461189026408,0.5603338590752781,0.267721529034458,0.23699512193357375,0.6913466676456312,0.7630048780664261,0.30865333235436887,0.23860691591406874,0.47036202849667086,0.06568084868225121,0.22535020690700916,0.04098704935926569,0.2038324612820901,0.16160433151154255,0.08471876994809124,0.103390263887879,0.17399810497591506,0.5057430986014976,0.07985463163052456,0.3065483990771617,0.6644454462476903,0.6934516009228383,0.33555455375230975,0.24585355355381092,0.4371295742976088,0.06246859149227658,0.25454828065630375,0.2257758958420831,0.4101583946272676,0.20445359256888088,0.15961211696176844,0.140738947365437,0.3488430108362633,0.36565139482236936,0.1447666469759303,0.18840579710144925,0.6269899246443869,0.14492753623188406,0.3730100753556131,0.11862273623027346,0.266085195732838,0.022253591486700287,0.1497518080142742,0.6666666666666667,0.46750583318358246,0.5324941668164176,0.040848710741886875,0.6208369841671767,0.09616519016229683,0.37916301583282336
Urinary Bladder,0.2946964030318493,0.636168406756642,0.7053035969681507,0.36383159324335795,0.2750238119723414,0.31489850019261784,0.1653799121630004,0.24469777567204037,0.24462844278743937,0.2590483871547399,0.2252082461706961,0.15566354717776473,0.06598389355742297,0.5434669701213819,0.39054913632119514,0.236442812036964,0.7410218253968254,0.763557187963036,0.25897817460317457,0.31851020111710904,0.22671794275412693,0.0905375235144972,0.36423433261426685,0.08027041862673746,0.15037984175558455,0.18722305992409882,0.1122899907354437,0.03861816133712039,0.23464894557751545,0.43693501296456394,0.13563014874224227,0.352311969191081,0.7131786454419167,0.6476880308089189,0.28682135455808344,0.2121953674917037,0.36549955522207683,0.11039079185900308,0.3119142854272164,0.21996841608683715,0.30362974927119657,0.299387830736515,0.17701400390545124,0.08912000669833149,0.31718610278432846,0.41818577859338735,0.17550811192395271,0.45833333333333326,0.6741039597657245,0.14583333333333331,0.32589604023427554,0.12891774323465208,0.2550833495426762,0.04005315907238554,0.16123381381778157,0.39583333333333326,0.6023313492063491,0.3976686507936508,0.054744733282087815,0.6029104269913094,0.09942299809647016,0.3970895730086907
Appendix,0.2987012987012987,0.5934065934065934,0.7012987012987013,0.4065934065934066,0.2222222222222222,0.3333333333333333,0.1388888888888889,0.3055555555555556,0.15384615384615385,0.12032085561497328,0.15384615384615385,0.09759358288770054,0.07407407407407407,0.5,0.42592592592592593,0.25,0.7076923076923077,0.75,0.2923076923076923,0.3944444444444445,0.3111111111111111,0.027777777777777776,0.26666666666666666,0.07692307692307693,0.2692307692307693,0.19230769230769232,0.15384615384615385,0.04496047430830039,0.22282608695652173,0.37648221343873517,0.1674901185770751,0.39285714285714285,0.8333333333333333,0.6071428571428572,0.16666666666666666,0.16835016835016836,0.5168350168350169,0.015151515151515154,0.29966329966329963,0.18614718614718617,0.3961038961038961,0.2792207792207792,0.13852813852813856,0.08922558922558922,0.3787878787878788,0.4006734006734006,0.13131313131313133,0.0,0.5085470085470086,0.5,0.49145299145299143,0.13368983957219252,0.3288770053475936,0.0,0.3195187165775401,0.5,0.4097222222222222,0.5902777777777778,0.04347826086956521,0.6145484949832776,0.14476284584980237,0.3854515050167224
Skin,0.3774072517588295,0.6380587528919922,0.6225927482411706,0.361941247108008,0.2254401258425479,0.4305742655172233,0.10035741207373829,0.2436281965664903,0.23116016849500512,0.2721412624877351,0.2587605078844586,0.11933310609284765,0.1464964961287121,0.516063164638239,0.33744033923304895,0.26898574334329356,0.6281313951375612,0.7310142566567063,0.3718686048624386,0.2724937668694069,0.3533442547200995,0.08937649443236956,0.2847854839781241,0.11011865811606675,0.1830341457008639,0.1405830819083991,0.07634343789520628,0.06398842107390379,0.20514271951238378,0.45094399833438575,0.12134243185692441,0.40946445077490695,0.5709592663190827,0.5905355492250931,0.429040733680917,0.2214381269625332,0.39760429632907957,0.10573453882988909,0.27522303787849806,0.24367942175816984,0.363070282860768,0.23720102268947524,0.15604927269158678,0.0849299250057281,0.3292801438416502,0.4089826586897669,0.1768072724628546,0.26666666666666666,0.5767650556911237,0.22666666666666666,0.42323494430887637,0.14618817111351612,0.22556207683948107,0.04794091590085498,0.18883446756556496,0.5066666666666667,0.599395527699281,0.4006044723007193,0.05466538933367874,0.554788200757774,0.10391703988872328,0.44521179924222576
